{
  "Country" : {
    "Cities" : {
      "Delhi" : {
        "BLK Super Speciality Hospital" : {
          "address" : "Pusa Rd, Radha Soami Satsang, Rajendra Place, New Delhi, Delhi 110005",
          "beds" : {
            "delux" : {
              "available beds" : 2,
              "charge" : 89550,
              "total beds" : 7
            },
            "general ward" : {
              "available beds" : 0,
              "charge" : 3500,
              "total beds" : 5
            },
            "iccu" : {
              "available beds" : 0,
              "charge" : 36000,
              "total beds" : 5
            },
            "icu" : {
              "available beds" : 2,
              "charge" : 3500,
              "total beds" : 5
            }
          },
          "id" : "d1",
          "phone no" : "011 3040 3040",
          "services provided" : "cancer"
        },
        "Fortis Hospital" : {
          "address" : "AA-299, AA-299, Shaheed Udham Singh Marg, AA Block, Poorbi Shalimar Bag, Shalimar Bagh, Delhi, 110088",
          "beds" : {
            "delux" : {
              "available beds" : 5,
              "charge" : 36888,
              "total beds" : 10
            },
            "general ward" : {
              "available beds" : 5,
              "charge" : 7800,
              "total beds" : 7
            },
            "iccu" : {
              "available beds" : 0,
              "charge" : 56000,
              "total beds" : 2
            },
            "icu" : {
              "available beds" : 0,
              "charge" : 2560,
              "total beds" : 10
            }
          },
          "id" : "d2",
          "phone no" : "011 4530 2222",
          "services provided" : "cancer, cardiology"
        },
        "Indraprastha Apollo Hospital" : {
          "address" : "Chennai - Delhi Highway, Mathura Rd, Sarita Vihar, New Delhi, Delhi 110076",
          "beds" : {
            "delux" : {
              "available beds" : 2,
              "charge" : 56000,
              "total beds" : 3
            },
            "general ward" : {
              "available beds" : 5,
              "charge" : 253,
              "total beds" : 15
            },
            "iccu" : {
              "available beds" : 2,
              "charge" : 23000,
              "total beds" : 5
            },
            "icu" : {
              "available beds" : 25,
              "charge" : 2560,
              "total beds" : 65
            }
          },
          "id" : "d3",
          "phone no" : "1860 500 1066",
          "services provided" : "skin specialist, neurology"
        },
        "Primus Super Specialty Hospital" : {
          "address" : "Chandragupta Marg, Opp Russian Embassy, Chanakyapuri, New Delhi, Delhi 110021",
          "beds" : {
            "delux" : {
              "available beds" : 0,
              "charge" : 14500,
              "total beds" : 5
            },
            "general ward" : {
              "available beds" : 0,
              "charge" : 3200,
              "total beds" : 15
            },
            "iccu" : {
              "available beds" : 6,
              "charge" : 14522,
              "total beds" : 10
            },
            "icu" : {
              "available beds" : 2,
              "charge" : 2560,
              "total beds" : 15
            }
          },
          "id" : "d4",
          "phone no" : "011 6620 6620",
          "services provided" : "cardiology, neurology"
        },
        "Sir Ganga Ram Hospital" : {
          "address" : "Sarhadi Gandhi Marg, Old Rajinder Nagar, Rajinder Nagar, New Delhi, Delhi 110060",
          "beds" : {
            "delux" : {
              "available beds" : 0,
              "charge" : 98555,
              "total beds" : 2
            },
            "general ward" : {
              "available beds" : 0,
              "charge" : 2355,
              "total beds" : 5
            },
            "iccu" : {
              "available beds" : 2,
              "charge" : 15222,
              "total beds" : 3
            },
            "icu" : {
              "available beds" : 1,
              "charge" : 1500,
              "total beds" : 12
            }
          },
          "id" : "d5",
          "phone no" : "011 2575 0000",
          "services provided" : "neurology, cancer"
        }
      },
      "Mumbai" : {
        "Breach_Candy_Hospital" : {
          "address" : "60 A, Bhulabhai Desai Marg, Cumballa Hill, Mumbai, Maharashtra 400026",
          "beds" : {
            "delux" : {
              "available beds" : 0,
              "charge" : 35600,
              "total beds" : 12
            },
            "general ward" : {
              "available beds" : 2,
              "charge" : 2310,
              "total beds" : 15
            },
            "iccu" : {
              "availablebeds" : 2,
              "charge" : 56000,
              "total beds" : 3
            },
            "icu" : {
              "available_beds" : 2,
              "charge" : 5200,
              "total_beds" : 5
            }
          },
          "id" : "m1",
          "phone_no" : "022 2366 7788",
          "services_provided" : "Cancer, Cardiology and cardiac surgery, neurology"
        },
        "Dr_LH_Hiranandani_Hospital" : {
          "address" : "Hillside Rd, Hiranandani Gardens, IIT Area, Powai, Mumbai, Maharashtra 400076",
          "beds" : {
            "delux" : {
              "available_beds" : 2,
              "charge" : 32000,
              "total_beds" : 5
            },
            "general_ward" : {
              "available_beds" : 15,
              "charge" : 210,
              "total_beds" : 30
            },
            "iccu" : {
              "available_beds" : 0,
              "charge" : 25000,
              "total_beds" : 2
            },
            "icu" : {
              "available_beds" : 8,
              "charge" : 5600,
              "total_beds" : 15
            }
          },
          "id" : "m2",
          "phone_no" : "022 2576 3500",
          "services_provided" : "cancer,critical care, accident and emergency"
        },
        "Jaslok Hospital" : {
          "address" : "15, Pedder Rd, IT Colony, Cumballa Hill, Mumbai, Maharashtra 400026",
          "beds" : {
            "delux" : {
              "available beds" : 0,
              "charge" : 35600,
              "total beds" : 5
            },
            "general ward" : {
              "available beds" : 1,
              "charge" : 2300,
              "total beds" : 15
            },
            "iccu" : {
              "available beds" : 0,
              "charge" : 35600,
              "total beds" : 20
            },
            "icu" : {
              "available beds" : 0,
              "charge" : 2500,
              "total beds" : 15
            }
          },
          "id" : "m3",
          "phone no" : "022 6657 3014",
          "services provided" : "neurology"
        },
        "Lilavati_Hospital" : {
          "address" : "A-791, Bandra Reclamation Rd, Bandra West, Mumbai, Maharashtra 400050",
          "beds" : {
            "delux" : {
              "available_beds" : 2,
              "charge" : 12000,
              "total_beds" : 5
            },
            "general_ward" : {
              "available_beds" : 10,
              "charge" : 1200,
              "total_beds" : 15
            },
            "iccu" : {
              "available_beds" : 2,
              "charge" : 20000,
              "total_beds" : 5
            },
            "icu" : {
              "available_beds" : 5,
              "charge" : 2000,
              "total_beds" : 10
            }
          },
          "id" : "m4",
          "phone_no" : "022 2656 8000",
          "services_provided" : "Liver Transplant, Cardiology and cardiac surgery, neurology, orthopedics, pediatrics "
        },
        "P_D_Hinduja_Hospital" : {
          "address" : "SVS Rd, Mahim West, Shivaji Park, Mumbai, Maharashtra 400016",
          "beds" : {
            "delux" : {
              "available_beds" : 0,
              "charge" : 25000,
              "total_beds" : 2
            },
            "general_ward" : {
              "available_beds" : 15,
              "charge" : 1300,
              "total_beds" : 19
            },
            "iccu" : {
              "available_beds" : 0,
              "charge" : 2800,
              "total_beds" : 5
            },
            "icu" : {
              "available_beds" : 1,
              "charge" : 5200,
              "total_beds" : 5
            }
          },
          "id" : "m5",
          "phone_no" : "022 2445 1515",
          "services_provided" : "cancer"
        }
      }
    }
  }
}
